Id;Saiu;Ativo;TemCartCredito;Genero;Estado;Idade;Produtos;Patrimonio;Score;Salario;Saldo
1;1;1;1;Feminino;RS;42;1;2;619;10134888;0
2;0;1;0;Feminino;SC;41;1;1;608;11254258;8380786
3;1;0;1;Feminino;RS;42;3;8;502;11393157;1596608
4;0;0;0;Feminino;RS;39;2;1;699;9382663;0
5;0;1;1;Feminino;SC;43;1;2;850;790841;12551082
6;1;0;1;Masculino;SC;44;2;8;645;14975671;11375578
7;0;1;1;Masculino;RS;50;2;7;822;100628;0
8;1;0;1;Feminino;PR;29;4;4;376;11934688000;11504674
9;0;1;0;Masculino;RS;44;2;4;501;749405;14205107
10;0;1;1;Masculino;RS;27;1;2;684;7172573;13460388
11;0;0;0;Masculino;RS;31;2;6;528;8018112;10201672
12;0;0;1;Masculino;SC;24;2;3;497;7639001;0
13;0;0;1;Feminino;RS;34;2;10;476;2626098;0
14;0;0;0;Feminino;RS;25;2;5;549;19085779;0
15;0;1;1;Feminino;SC;35;2;7;635;6595165;0
16;0;1;0;Masculino;PR;45;2;3;616;6432726;14312941
17;1;0;1;Masculino;PR;58;1;1;653;509767;13260288
18;0;1;1;Feminino;SC;24;2;9;549;70518;0
19;0;0;0;Masculino;SC;45;1;6;587;15868481;0
20;0;1;1;Feminino;RS;24;2;6;726;5472403;0
21;0;1;1;Masculino;RS;41;2;8;732;17088617;0
22;0;0;1;Feminino;SC;32;2;8;636;13855546;0
23;1;0;1;Feminino;RS;38;1;4;510;11891353;0
24;0;1;0;Masculino;RS;46;2;3;669;848775;0
25;0;1;1;Feminino;RS;38;1;5;846;18761616;0
26;0;1;0;Masculino;RS;25;2;3;577;12450829;0
27;0;1;1;Masculino;PR;36;1;2;756;17004195;13681564
28;0;0;0;Masculino;RS;44;2;9;571;10000;0
29;0;1;1;Feminino;RS;43;1;3;574;10018743;14134943
30;0;1;1;Masculino;RS;29;2;0;411;5348321;5969717
31;1;0;1;Feminino;SC;39;3;3;591;14046938;0
32;0;1;0;Masculino;RS;36;1;7;533;15673191;853117
33;0;0;0;Masculino;RS;41;2;9;553;8189881;11011254
34;0;1;1;Feminino;SC;42;2;6;520;3441055;0
35;0;1;1;Feminino;SC;29;2;9;722;14203307;0
36;1;0;1;Feminino;RS;45;1;0;475;2782299;13426404
37;0;1;0;Masculino;SC;31;1;3;490;11406677;14526023
38;0;1;0;Masculino;SC;33;1;7;804;9845345;765486
39;0;1;1;Masculino;RS;36;1;7;850;408129;0
40;0;1;0;Masculino;PR;41;2;6;582;17807404;7034948
41;0;0;1;Masculino;SC;40;1;4;472;7015422;0
42;1;0;0;Feminino;RS;51;1;8;465;18129765;12252232
43;0;1;1;Feminino;RS;61;1;2;556;9415383;11741935
44;1;0;0;Feminino;RS;49;1;2;834;19436576;13139456
45;0;1;1;Feminino;SC;61;1;5;660;15833839;15593111
46;0;1;1;Feminino;PR;32;2;4;776;12651746;10942113
47;1;1;1;Feminino;PR;27;1;9;829;11970821;11204567
48;1;1;1;Feminino;PR;39;1;9;637;1176228;1378438
49;0;1;0;Masculino;PR;38;1;2;550;9087813;10339138
50;0;0;1;Feminino;PR;37;2;2;776;19409912;10376922
51;0;0;1;Masculino;PR;44;2;10;698;19805916;11636337
52;0;0;0;Masculino;PR;36;2;5;585;8642457;14605097
53;0;0;0;Feminino;RS;33;2;5;788;70518;0
54;1;0;0;Masculino;PR;41;1;8;655;16404094;12556197
55;1;0;1;Masculino;PR;42;1;1;601;4001476;9849572
56;0;1;1;Masculino;RS;43;1;1;619;11341049;12521192
57;0;0;1;Masculino;RS;45;1;5;656;8710757;1278644
58;0;0;0;Masculino;PR;19;1;0;725;4561375;758882
59;1;0;1;Feminino;SC;66;1;4;511;164311;0
60;0;1;1;Masculino;RS;51;1;4;614;4677528;4068592
61;0;0;0;Masculino;PR;35;1;5;742;8450957;136857
62;0;0;0;Feminino;PR;27;2;9;687;12649482;15232888
63;0;0;0;Masculino;SC;33;2;1;555;17879813;5608469
64;0;1;1;Masculino;SC;56;1;8;684;9939836;7870716
65;0;1;1;Masculino;PR;26;1;4;603;9284067;10916637
66;0;1;1;Feminino;PR;36;2;6;751;2775836;16983146
67;0;0;1;Feminino;PR;34;1;1;581;11043151;10163304
68;0;1;1;Masculino;PR;43;2;10;735;19667328;12318001
69;0;1;0;Feminino;PR;35;2;5;661;11365685;15072553
70;0;0;1;Feminino;RS;21;1;8;675;18203;9837326
71;1;0;1;Masculino;PR;58;4;2;738;2837386;13374544
72;0;0;1;Masculino;RS;29;1;6;813;3395387;0
73;0;1;0;Feminino;SC;37;1;0;657;4420355;16360718
74;0;1;1;Feminino;PR;25;2;5;604;5842681;15778084
75;0;1;0;Masculino;RS;36;2;9;519;1455624;0
76;0;0;1;Feminino;RS;21;2;1;735;22388;17871819
77;0;1;1;Masculino;RS;55;2;8;664;13916164;0
78;0;1;1;Feminino;RS;32;1;9;678;14821064;0
79;0;1;0;Masculino;SC;33;1;5;757;19423963;7725322
80;0;0;1;Feminino;PR;41;2;10;416;9830161;12218966
81;0;0;0;Feminino;RS;34;2;1;665;17141366;9664554
84;0;0;0;Feminino;RS;36;2;3;543;2601959;0
85;0;1;1;Feminino;RS;34;1;4;506;15923529;9030762
86;0;0;1;Masculino;RS;46;2;4;493;190766;0
87;0;1;1;Feminino;SC;75;2;10;652;11467575;0
88;1;0;1;Masculino;SC;22;1;3;750;12864335;12168182
89;0;0;1;Masculino;RS;30;2;9;729;15186935;0
90;1;0;1;Feminino;RS;46;3;4;646;9325142;0
91;0;1;1;Feminino;PR;28;2;3;635;15679136;8162367
92;1;1;1;Feminino;SC;44;3;5;647;17420522;0
93;0;0;1;Masculino;RS;45;2;7;808;14713246;11862655
94;0;0;1;Feminino;RS;36;2;10;524;10961457;0
95;0;1;1;Masculino;RS;29;2;8;769;17229061;0
96;0;1;0;Masculino;SC;42;2;4;730;8598247;0
97;0;1;0;Masculino;SC;35;1;10;515;12127778;17627395
98;0;1;0;Masculino;SC;41;1;9;773;6459525;10282744
99;0;1;1;Masculino;PR;29;2;8;814;19727613;970864
100;0;0;0;Masculino;SC;22;2;8;710;9964504;0
101;0;0;0;Masculino;RS;34;2;9;413;653418;0
102;0;1;1;Feminino;RS;40;1;6;665;16184803;0
103;0;0;0;Feminino;RS;44;2;6;623;16716243;0
104;0;0;1;Masculino;RS;31;1;9;738;4197072;8267415
105;0;0;1;Masculino;SC;36;2;7;528;6053656;0
106;1;1;1;Feminino;SC;65;1;1;670;17765568;0
107;1;1;1;Feminino;SC;46;2;4;622;3098459;10707327
108;0;1;1;Masculino;PR;32;1;1;582;1005453;8893862
109;0;1;0;Feminino;PR;36;1;2;785;3697652;9980685
110;0;0;0;Masculino;SC;33;1;5;605;7186279;1500928
111;1;0;1;Masculino;PR;35;1;9;479;9944986;9283389
112;0;1;0;Masculino;PR;30;1;3;685;6308288;9053681
113;0;0;1;Masculino;PR;39;2;7;538;2723126;1080551
114;0;0;0;Masculino;RS;42;1;2;562;8679741;10023835
115;0;1;0;Masculino;SC;36;1;9;675;2299432;10619055
116;1;1;0;Masculino;PR;28;2;9;721;10130094;15447554
117;0;1;1;Feminino;PR;30;2;9;628;7416913;13235129
118;0;0;1;Feminino;PR;37;1;6;668;11563829000;1678644
119;0;0;1;Feminino;RS;41;2;1;506;317663;0
120;1;0;1;Feminino;PR;31;1;8;524;19972539;10781863
121;0;0;1;Masculino;PR;34;2;4;699;12083448;18517381
122;0;0;0;Masculino;RS;34;2;8;828;3813177;12943334
123;0;0;0;Masculino;SC;39;1;6;674;10013095;12019342
124;0;0;1;Feminino;RS;39;2;6;656;14106988;0
125;0;1;1;Feminino;PR;48;1;10;684;19812936;12638442
126;0;0;0;Feminino;RS;28;1;3;625;18364641;0
127;1;0;1;Masculino;RS;42;1;9;432;11026524;15260345
128;1;1;0;Feminino;RS;52;1;1;549;863605;0
129;1;0;1;Masculino;PR;56;1;0;625;4682408;14850724
130;0;0;1;Feminino;RS;41;2;7;828;17137877;0
131;0;0;1;Masculino;RS;24;1;9;770;16725635;10182707
132;0;1;1;Feminino;RS;34;2;3;758;12422616;0
133;0;1;1;Feminino;PR;33;1;9;795;11493521;13086243
134;0;1;1;Masculino;RS;38;1;9;687;3560888;12257087
135;0;1;0;Masculino;RS;25;2;1;686;1645937;0
136;0;1;1;Masculino;PR;39;2;7;789;12441108;12482846
137;0;1;1;Feminino;PR;50;2;5;589;3494123;14489505
138;0;1;0;Feminino;PR;34;1;5;461;16778428;6366393
139;0;1;0;Masculino;RS;40;1;2;637;9316534;1334631
140;1;0;1;Feminino;SC;48;1;2;584;7516125;2131462
141;1;1;0;Feminino;SC;35;2;1;579;859083;12949036
142;0;0;1;Masculino;PR;44;1;10;756;1895439;13745209
143;0;1;1;Feminino;RS;34;2;7;663;18042724;0
144;0;1;1;Feminino;RS;43;1;5;682;19331833;12585193
145;1;0;1;Masculino;SC;52;1;2;793;15912382;0
146;1;0;1;Feminino;RS;31;1;5;691;12621384;4091555
147;0;1;1;Feminino;SC;21;1;5;485;541415;11315722
148;0;0;1;Feminino;SC;29;2;8;635;14107551;13829694
149;0;0;0;Masculino;RS;37;1;5;650;2449503;10696718
150;0;0;1;Masculino;RS;44;1;9;735;7483634;12068163
151;0;1;0;Masculino;RS;32;2;0;416;87887;0
152;0;0;1;Feminino;SC;32;2;7;754;8952075;0
153;1;0;1;Feminino;RS;48;1;9;535;14989279;0
154;0;0;1;Masculino;SC;42;2;8;716;18080042;0
155;0;0;1;Masculino;RS;37;1;2;539;9864622;12760959
156;0;1;1;Feminino;RS;43;2;6;614;10904153;0
157;1;0;1;Masculino;SC;57;1;7;706;1794116;0
158;0;0;0;Feminino;RS;33;2;7;758;8299647;0
159;0;1;1;Feminino;SC;28;2;2;586;9206735;0
160;0;1;0;Feminino;RS;73;1;6;646;10471966;9725925
161;0;0;0;Feminino;PR;33;1;4;631;11268757;1232467
162;0;1;0;Feminino;SC;22;1;6;717;8469956;10106025
163;0;0;1;Masculino;RS;30;2;2;684;8347382;0
164;0;0;0;Feminino;RS;49;1;7;800;4712511;10800736
165;0;1;1;Feminino;SC;36;2;2;721;1069778;0
166;1;0;1;Masculino;SC;29;1;0;683;5558254;13370289
167;0;1;1;Masculino;PR;31;2;9;660;13987443;12518975
168;1;0;1;Feminino;PR;24;1;7;704;16250348;11303422
169;0;0;1;Feminino;SC;41;1;9;615;19649996;10901323
170;1;0;1;Feminino;SC;39;2;2;667;4072124;0
171;0;0;0;Masculino;PR;24;2;9;682;531343;5792981
172;0;0;1;Feminino;RS;29;1;4;484;1640178900;13011439
173;0;0;1;Masculino;PR;27;2;5;628;15599696;9582649
174;1;0;1;Masculino;PR;44;1;10;480;54727;12960857
175;0;0;1;Masculino;RS;30;1;4;578;11218711;16946209
176;0;1;1;Masculino;RS;40;2;5;512;14645783;0
177;0;1;1;Feminino;SC;35;1;7;484;272861;13386821
178;0;1;1;Feminino;RS;30;2;0;510;13055347;0
179;0;0;0;Masculino;PR;36;2;5;606;17935189;19047948
180;0;1;0;Feminino;SC;40;1;8;597;9477412;10199312
181;1;0;1;Feminino;PR;55;1;3;754;70518;16160881
182;0;1;1;Feminino;SC;45;1;2;850;194825;12231121
183;0;1;1;Masculino;RS;65;2;2;510;4807161;0
184;0;0;1;Feminino;PR;45;2;1;778;17453127;16215042
185;0;1;1;Masculino;RS;42;2;2;636;5547078;0
186;1;1;1;Feminino;RS;50;1;4;804;854687;0
187;0;0;1;Masculino;RS;32;2;8;514;9585718;0
188;0;0;1;Feminino;RS;39;1;1;730;1949458;9901067
189;0;1;0;Feminino;SC;37;1;0;525;13152172;0
190;0;1;0;Masculino;SC;30;2;5;616;19610851;0
191;0;0;1;Feminino;PR;34;2;7;687;14856476;11138818
192;1;0;0;Feminino;RS;41;2;8;715;9298261;5621485
193;0;0;1;Feminino;RS;36;2;3;512;1767536;8432777
194;0;0;0;Masculino;RS;40;2;1;479;11499643;0
195;0;0;1;Masculino;RS;32;1;8;601;8695742;9301289
196;0;0;1;Masculino;SC;29;2;9;580;1280778;6171044
197;0;1;1;Masculino;RS;35;1;3;807;60036;17479015
198;0;1;1;Feminino;SC;32;2;6;616;4300146;0
199;0;1;1;Masculino;PR;37;1;3;721;15859112;10772064
200;0;1;1;Masculino;RS;57;2;10;501;4784719;0
201;0;0;1;Masculino;RS;35;1;6;521;1048844;9642384
202;0;1;1;Masculino;SC;30;1;2;850;59782;14104001
203;0;1;0;Masculino;RS;42;1;4;759;12140906;10542018
204;1;1;0;Masculino;SC;50;1;5;516;14614593;0
205;1;1;1;Feminino;RS;38;2;2;711;1437486;12902206
206;0;0;1;Masculino;SC;33;1;3;512;9467077;17666662
207;0;1;1;Masculino;RS;37;1;3;550;17967031;0
208;1;0;0;Feminino;SC;41;1;3;608;19930474;8976384
209;0;1;1;Masculino;RS;34;1;5;618;15195439;13495453
210;1;0;1;Masculino;RS;45;1;5;643;1425135;0
211;0;1;0;Masculino;RS;45;1;2;671;15826462;10637685
212;0;0;1;Masculino;PR;33;2;2;689;1693819;16181464
213;0;1;1;Masculino;RS;31;2;8;603;16991502;0
214;0;0;0;Feminino;RS;41;2;9;620;8885247;0
215;0;1;1;Masculino;RS;34;1;1;676;4064581;6309501
216;0;0;0;Masculino;PR;26;2;4;572;604273;11828701
217;1;1;0;Masculino;PR;47;1;7;668;15795902;10685421
218;0;0;1;Masculino;RS;46;1;7;695;13300734;4951255
219;0;0;0;Feminino;SC;33;2;9;730;17657662;0
220;1;0;1;Masculino;RS;43;2;1;807;3488804;10579932
221;1;1;1;Masculino;RS;54;1;8;592;2873771;0
222;0;1;1;Feminino;RS;31;2;9;726;9817857;11472205
223;0;1;0;Masculino;SC;30;1;7;514;12501024;0
224;0;1;1;Masculino;RS;42;2;2;567;16798461;0
225;1;0;1;Masculino;RS;33;1;10;850;486172;0
226;1;1;1;Masculino;PR;45;1;6;671;10887245;9956422
227;0;0;1;Masculino;RS;37;2;4;670;19825288;17055791
228;0;1;1;Feminino;RS;30;2;9;694;2696031;0
229;1;1;1;Feminino;PR;39;3;6;547;8574652;7459615
230;1;0;1;Masculino;PR;50;1;2;751;7720625;9688839
231;0;0;1;Feminino;PR;29;1;3;594;6104853;13083022
232;0;1;0;Masculino;RS;72;2;1;673;1119811900;0
233;0;0;1;Masculino;RS;40;2;0;610;622326;0
234;0;1;0;Feminino;RS;37;2;1;512;15610503;0
235;0;1;0;Masculino;PR;20;2;3;767;15013538;11971425
236;0;1;0;Feminino;RS;67;2;5;585;9314611;11397897
237;1;0;1;Masculino;PR;42;1;6;763;3346294;10016075
238;0;1;1;Feminino;RS;29;1;2;712;144375;0
239;1;0;1;Feminino;PR;43;3;3;539;5580396;1162205
240;1;0;1;Feminino;RS;46;3;2;668;8904846;0
241;0;1;0;Masculino;RS;28;2;2;703;16281216;8117383
242;0;0;1;Masculino;SC;38;2;4;662;13625965;0
243;0;0;1;Feminino;PR;39;1;5;725;12405297;1168038
244;0;1;0;Masculino;RS;37;2;8;703;10000;10596168
245;1;1;1;Masculino;PR;67;1;6;659;4507109;1174116
246;0;0;1;Masculino;SC;34;2;7;523;6203006;0
247;1;0;1;Feminino;RS;40;1;10;635;13195323;12349758
248;0;0;1;Masculino;PR;26;2;7;772;79414;15240051
249;0;1;1;Feminino;RS;26;2;1;545;19963856;0
250;0;1;1;Masculino;PR;24;1;8;634;15757729;10309785
251;1;0;1;Masculino;PR;54;1;8;739;13442075;12641814
252;0;0;0;Feminino;PR;36;1;5;771;9980599;778469
253;0;1;1;Feminino;SC;34;2;1;587;9793268;0
254;0;1;0;Feminino;RS;79;2;0;681;17096899;0
255;0;1;1;Masculino;PR;37;1;2;544;5755895;7973191
256;0;0;0;Masculino;SC;28;1;8;696;17671347;0
257;0;1;0;Masculino;SC;41;2;0;766;3428323;0
258;0;1;1;Masculino;RS;34;2;10;727;19863734;0
259;0;0;0;Feminino;PR;34;2;6;671;15691712;3726667
260;0;1;1;Feminino;RS;30;1;6;693;504572;12799225
261;0;1;1;Masculino;PR;38;1;3;850;14007555;5490101
262;0;1;1;Masculino;PR;42;2;9;732;6532311;10874808
263;0;0;1;Feminino;SC;48;1;6;726;6432324;9990619
264;0;0;1;Feminino;RS;32;2;6;557;1495644;18468641
265;0;1;0;Feminino;RS;26;1;0;682;11187921;11065402
266;0;1;1;Masculino;SC;31;1;9;738;1860623;790198
267;0;0;1;Feminino;SC;36;1;9;531;12313701;9924051
268;0;1;1;Masculino;RS;34;2;2;498;14852824;0
269;0;0;1;Masculino;RS;36;2;7;651;1389831;0
270;1;0;0;Feminino;SC;39;1;7;549;8125925;0
271;0;0;1;Feminino;PR;35;1;7;791;16105175;524362
272;0;1;0;Masculino;SC;41;2;9;650;19159967;0
273;1;0;1;Masculino;PR;34;3;3;733;4855919;10033796
274;0;1;1;Feminino;PR;34;2;1;811;18633974;14929719
275;0;0;1;Masculino;RS;30;2;8;707;3315937;0
276;0;1;0;Masculino;PR;28;1;4;712;9388353;14560544
277;0;1;1;Feminino;SC;37;2;7;706;1108993;0
278;1;1;1;Masculino;RS;62;1;3;756;1119904;0
279;0;0;1;Feminino;RS;53;2;10;777;10000;0
280;0;1;0;Masculino;RS;35;1;6;646;16425569;8402686
281;1;0;1;Masculino;RS;46;1;1;714;15216779;0
282;0;1;1;Masculino;RS;39;2;8;782;3394967;0
283;0;1;1;Masculino;SC;29;2;10;775;6814393;0
284;1;1;1;Masculino;PR;35;1;4;479;4725179;13871892
285;0;1;1;Masculino;RS;42;1;7;807;2588572;11827471
286;0;1;0;Feminino;RS;22;2;8;799;19263385;17418598
287;0;0;1;Masculino;RS;40;2;7;675;3457736;11320886
288;0;0;1;Masculino;SC;29;1;5;602;16122984;10390728
289;0;0;1;Feminino;RS;32;1;8;475;10081629;11902328
290;0;1;1;Feminino;SC;26;1;5;744;18169444;16629789
291;0;0;1;Masculino;SC;34;2;10;588;7907891;0
292;0;1;0;Masculino;PR;42;1;9;703;13731632;63227
293;0;0;1;Feminino;SC;41;2;5;747;19492686;9452117
294;0;0;1;Masculino;RS;27;2;7;583;5128549;0
295;1;0;0;Feminino;SC;34;1;9;750;15040153;11282226
296;0;1;1;Masculino;RS;38;2;3;681;11249196;0
297;0;0;1;Masculino;RS;25;1;2;773;7365638;13590333
298;0;1;1;Masculino;RS;31;1;4;714;10663689;12516926
299;1;0;1;Feminino;SC;44;3;7;687;15585352;0
300;0;1;1;Masculino;RS;58;1;0;511;16259951;14911731
301;0;1;1;Masculino;RS;33;2;5;627;10373782;0
302;0;0;1;Feminino;RS;31;2;10;694;16099027;0
303;0;0;0;Feminino;SC;36;1;6;616;1546284;13231171
304;0;0;1;Masculino;RS;35;2;8;687;1033405;0
305;0;1;1;Feminino;RS;33;2;6;712;19068616;0
306;0;0;0;Masculino;RS;33;1;4;553;9444045;11808289
307;0;1;1;Masculino;RS;31;1;1;667;2825763;11926669
308;1;1;1;Masculino;RS;43;1;2;731;17003495;0
309;0;0;1;Masculino;PR;35;2;7;629;3182429;15684729
310;1;0;1;Masculino;RS;50;1;4;614;12716649;13710447
311;0;0;1;Masculino;PR;31;1;8;438;4493701;7839869
312;0;1;1;Feminino;RS;80;2;4;652;18860307;0
313;0;0;1;Masculino;PR;30;1;6;729;14511137;6366942
314;0;0;0;Masculino;RS;38;2;3;642;17146383;0
315;0;0;1;Feminino;PR;59;1;0;806;1828225;13529633
316;0;1;1;Masculino;SC;36;1;2;744;10000;15380444
317;0;0;0;Masculino;SC;37;2;3;474;5717532;0
318;1;0;1;Masculino;RS;49;1;2;559;12054083;14706978
319;0;1;1;Masculino;SC;42;2;9;706;2871434;0
320;0;0;1;Feminino;SC;22;1;3;628;8542628;0
321;0;0;1;Masculino;RS;24;1;4;429;4617075;9574175
322;0;1;1;Feminino;SC;57;1;2;525;6444836;14596533
323;0;1;1;Feminino;RS;30;1;8;680;1627897;14144175
324;1;0;1;Masculino;RS;40;1;1;749;18285542;13929041
325;0;0;0;Feminino;RS;31;2;4;763;5040472;0
326;0;0;1;Masculino;RS;30;2;3;734;10764025;0
327;0;0;1;Masculino;RS;35;1;4;716;13413265;14442887
328;0;0;1;Masculino;RS;35;2;2;594;10348069;0
329;1;0;1;Feminino;RS;46;1;9;644;10876105;9544127
330;0;1;1;Masculino;PR;35;1;1;671;1790123;14484874
331;0;1;1;Masculino;PR;26;2;7;664;9514514;11624414
332;0;1;0;Masculino;RS;50;2;7;656;70518;0
333;0;0;1;Feminino;SC;40;1;1;667;1916289;14650207
334;0;1;0;Masculino;PR;44;2;2;663;14468018;1170286
335;1;0;1;Feminino;PR;30;1;8;584;17777203;11201381
336;0;0;1;Feminino;SC;37;1;6;626;559794;10826937
337;1;0;1;Masculino;RS;29;1;7;485;11682851;18212379
338;0;1;0;Feminino;PR;32;2;3;659;17465251;15092374
339;0;0;1;Masculino;RS;33;2;2;649;201098;0
340;1;0;1;Feminino;SC;39;1;5;805;1410985;16527213
341;1;0;1;Feminino;PR;39;1;10;716;435274;11530131
342;1;1;0;Feminino;PR;40;2;6;642;8609923;12950249
343;0;0;0;Masculino;RS;31;1;4;659;16157419;11834226
344;0;1;1;Feminino;SC;47;2;5;545;3897014;0
345;0;0;0;Masculino;RS;22;2;8;543;12758722;0
346;0;0;1;Feminino;RS;25;2;7;718;3038012;0
347;0;0;1;Feminino;RS;43;2;7;840;9090895;0
348;0;0;1;Feminino;PR;34;2;9;630;13827501;10693705
349;0;1;1;Masculino;PR;59;1;3;643;3217179;17033137
350;0;1;1;Feminino;PR;32;1;1;654;12614323;11451085
351;0;1;1;Masculino;RS;39;2;5;582;12989293;0
352;0;1;1;Masculino;SC;32;2;3;659;10241684;10759411
353;0;1;1;Masculino;SC;39;1;2;762;1871967;8127313
354;0;0;1;Feminino;SC;32;1;7;568;6193622;1693996
355;0;1;1;Masculino;SC;25;2;6;670;7835894;0
356;0;1;1;Feminino;RS;45;2;1;613;14722427;18784199
357;0;0;1;Masculino;RS;30;2;0;539;16097966;0
358;0;1;1;Feminino;SC;57;2;8;850;13229849;1267763
359;1;0;1;Masculino;SC;34;1;9;522;17424852;12643629
360;0;1;1;Masculino;RS;41;1;1;737;12354728;10196074
361;0;1;0;Masculino;RS;58;2;3;520;3279002;0
362;0;1;0;Masculino;SC;28;2;3;706;18154367;0
363;1;1;0;Feminino;PR;45;1;2;643;231996;15084293
364;0;1;1;Feminino;RS;50;1;9;648;18954319;10253557
365;0;0;1;Feminino;PR;29;2;9;443;109404;9902761
366;0;1;1;Masculino;RS;68;2;9;640;19949338;0
367;0;1;1;Feminino;SC;33;1;3;628;18819325;0
368;0;0;1;Feminino;PR;42;2;9;540;17257264;8727141
369;0;1;1;Feminino;PR;35;2;8;460;1893396;10274291
370;0;1;0;Masculino;PR;34;2;2;636;5351216;4010551
371;0;0;1;Feminino;RS;29;1;2;593;3400444;15226543
372;0;1;1;Masculino;SC;42;1;4;801;1059829;14194767
373;0;1;0;Feminino;PR;75;2;1;640;11342877;10630791
374;0;1;1;Masculino;PR;31;2;0;611;18348798;10788481
375;0;1;1;Masculino;PR;31;1;1;802;18765809;12501372
376;0;1;1;Masculino;PR;35;2;7;717;17245939;5846937
377;0;1;0;Feminino;RS;39;1;8;769;21016;0
378;1;1;1;Masculino;PR;45;3;10;745;12238102;11723163
379;0;0;1;Masculino;SC;35;1;4;572;12812366;15239026
380;0;0;1;Feminino;SC;30;1;2;629;1957063;3401363
381;1;0;0;Feminino;SC;39;3;2;687;1881506;0
382;0;1;1;Feminino;RS;50;2;9;483;11102024;0
383;0;0;1;Masculino;RS;36;2;7;690;12377515;10158311
384;0;1;0;Feminino;PR;30;2;10;492;14670022;7716887
385;0;0;1;Masculino;PR;28;2;8;709;14525135;12469572
386;0;0;1;Masculino;PR;44;1;3;705;8246369;10593496
387;0;1;1;Feminino;RS;66;1;9;560;1592849;0
388;0;0;1;Masculino;SC;46;2;6;611;4588633;0
389;0;1;1;Masculino;SC;62;2;2;730;18648995;0
390;0;1;0;Feminino;SC;45;2;2;709;16292265;0
391;0;0;1;Feminino;RS;21;2;10;544;926277;16152596
392;0;1;1;Feminino;PR;29;1;7;712;849324;14719907
393;0;1;1;Masculino;PR;38;1;3;752;7155712;18310229
394;1;0;1;Masculino;SC;46;2;9;648;7740595;127209
395;1;0;0;Masculino;SC;38;2;8;556;41741;0
396;0;1;1;Feminino;SC;24;1;0;594;7140517;9737854
397;0;1;0;Feminino;PR;37;2;2;645;15340024;13692509
398;0;1;1;Masculino;RS;33;1;3;557;37105;5450355
399;0;0;1;Masculino;PR;32;1;8;547;6778999;15572685
400;0;1;0;Feminino;RS;39;2;9;701;1458949;0
401;1;0;1;Feminino;RS;66;1;1;616;18384051;13584241
402;0;0;1;Masculino;RS;52;1;1;605;10888744;6334975
403;0;1;1;Feminino;PR;38;1;4;593;15407127;12949942
404;0;1;0;Masculino;SC;52;2;8;751;17929185;0
405;0;1;0;Masculino;SC;36;2;6;443;5693743;7043801
406;0;1;1;Masculino;RS;23;2;8;685;11223903;0
407;0;0;1;Masculino;RS;36;1;9;718;4590987;0
408;1;0;0;Feminino;SC;49;1;9;538;17377925;14143404
409;0;0;1;Feminino;SC;37;2;4;611;12569626;0
410;0;1;1;Masculino;PR;37;2;10;668;15958561;15295829
411;0;0;1;Feminino;PR;41;1;3;537;10676147;13830634
412;0;0;0;Masculino;SC;23;2;10;709;12959018;0
413;0;1;1;Masculino;RS;38;2;1;850;8000665;0
414;0;1;1;Feminino;SC;31;1;3;745;14045152;12432884
415;1;1;1;Feminino;PR;41;3;9;693;18792943;18146148
416;0;0;1;Masculino;SC;35;2;8;795;16715536;0
417;0;0;0;Masculino;SC;26;2;8;626;19142071;0
418;1;0;0;Feminino;PR;61;1;5;487;1138445;11036803
419;0;1;1;Feminino;RS;39;1;9;556;948981;8958835
420;0;0;0;Feminino;RS;46;2;6;643;10678159;0
421;0;0;0;Feminino;RS;28;2;6;605;15950852;0
422;1;0;1;Feminino;PR;60;1;3;756;9352419;11592489
423;0;0;1;Feminino;RS;38;2;2;586;8716846;0
424;1;0;1;Masculino;PR;40;1;7;535;812832;1117565
425;0;0;1;Feminino;RS;35;1;4;678;12551832;0
426;0;0;1;Masculino;RS;39;1;9;596;4896359;0
427;0;0;1;Masculino;RS;26;1;9;648;9836824;16292385
428;0;0;1;Masculino;PR;39;2;10;492;70518;12457665
429;0;1;1;Masculino;RS;45;1;0;702;2747481;8079358
430;0;0;1;Feminino;PR;40;1;9;486;7619221;7134009
431;1;0;0;Masculino;PR;40;1;1;568;13460094;9928263
432;1;1;1;Masculino;PR;57;1;3;619;7246799;13794639
433;0;1;0;Masculino;PR;41;2;2;724;19964545;12789257
434;0;0;1;Feminino;PR;33;1;0;548;4274985;10108436
435;1;0;1;Feminino;PR;37;1;8;545;13605044;11475408
436;0;0;0;Masculino;RS;33;1;8;683;7356444;0
437;0;1;0;Feminino;RS;51;1;3;762;8557863;9928698
438;0;0;1;Feminino;PR;30;2;4;627;12982689;7987102
439;0;0;0;Masculino;RS;35;2;10;516;119666;10408859
440;0;0;1;Feminino;RS;38;2;2;800;6805208;16819033
441;0;1;1;Feminino;PR;42;1;3;464;16410474;8567925
442;0;0;0;Feminino;RS;35;1;3;626;8019036;0
443;0;0;1;Feminino;RS;31;2;9;790;8412675;0
444;0;1;1;Feminino;RS;34;2;7;534;70179;12155158
445;0;1;1;Masculino;RS;46;1;2;745;1180241;12222019
446;1;0;0;Masculino;SC;47;1;3;553;14570419;11652815
447;0;1;0;Feminino;RS;26;1;1;748;18304941;7778029
448;0;0;0;Masculino;RS;37;1;2;722;12090683;0
449;0;1;1;Masculino;RS;40;1;4;501;10043383;1258322
450;1;0;0;Feminino;RS;38;1;6;675;138777;680658
451;0;0;1;Feminino;SC;47;2;6;778;12469499;12729934
452;0;0;1;Feminino;PR;38;1;7;494;4008432;17493764
453;0;1;0;Masculino;RS;40;2;9;850;11923233;0
454;0;0;0;Masculino;SC;31;1;7;592;4392136;1100711
455;0;0;1;Feminino;SC;44;1;3;590;6222281;13943237
456;0;1;0;Feminino;RS;39;1;6;758;56577;12735776
457;0;0;1;Masculino;RS;36;2;5;506;16425335;0
458;0;1;1;Masculino;RS;33;1;3;733;766673;0
459;0;0;1;Masculino;RS;38;2;3;711;6848751;0
460;1;1;0;Masculino;PR;43;1;1;514;19927398;9555631
461;0;1;1;Masculino;SC;37;1;8;637;18606236;0
462;0;1;1;Masculino;PR;29;2;1;468;19571116;11168198
463;0;0;1;Masculino;RS;39;2;3;539;3669217;0
464;0;0;1;Feminino;SC;25;2;3;509;10692057;10873871
465;1;1;1;Feminino;RS;32;1;4;662;4872568;13395037
466;0;1;1;Masculino;SC;26;2;4;818;16703694;0
467;0;0;1;Masculino;RS;33;1;9;608;6877726;8996869
468;0;1;1;Feminino;SC;32;2;9;850;1892492;0
469;1;0;1;Feminino;PR;38;3;5;816;7190577;13087875
470;0;0;1;Masculino;RS;35;2;8;536;6483328;0
471;0;1;1;Masculino;RS;35;2;3;753;18484377;0
472;0;1;1;Masculino;SC;27;1;10;631;10000;13416962
473;1;0;1;Masculino;RS;37;1;1;703;206294;14976208
474;0;0;1;Masculino;RS;26;1;2;774;2841536;9384469
475;0;0;1;Masculino;RS;28;2;8;785;7723127;0
476;0;0;1;Feminino;RS;33;2;1;571;1027507;0
477;1;0;0;Masculino;PR;46;1;6;621;345808;14107837
478;0;1;1;Feminino;PR;31;1;1;605;18359877;11799259
479;0;0;1;Feminino;RS;40;2;8;611;14735827;10081233
480;0;1;1;Masculino;RS;38;1;7;569;1084692;0
481;0;1;1;Masculino;RS;29;1;4;658;2061282;802626
482;0;1;0;Masculino;SC;34;1;6;788;18119676;15647862
483;0;0;1;Feminino;RS;23;2;5;525;1602491;0
484;0;0;0;Masculino;RS;37;3;8;798;11078328;0
485;0;0;1;Masculino;PR;37;2;9;486;14499533;11521799
486;1;0;1;Masculino;SC;61;2;9;615;15022785;0
487;0;1;1;Feminino;RS;35;1;0;730;5371828;15547055
488;0;0;1;Masculino;RS;37;2;7;641;752483;0
489;1;1;1;Masculino;RS;39;1;3;542;1435343;13509677
490;0;1;0;Masculino;RS;30;2;2;692;13048657;0
491;0;1;1;Feminino;PR;55;1;9;714;10012771;18007522
492;0;1;1;Masculino;SC;29;1;1;591;19635617;9754124
493;0;1;1;Feminino;RS;41;1;2;710;998388;15606705
494;0;1;0;Feminino;RS;38;2;4;639;11897477;8155094
495;1;0;0;Feminino;RS;47;1;6;531;19499834;0
496;1;0;0;Feminino;RS;38;2;2;673;13490134;17006192
497;0;1;1;Masculino;PR;36;2;8;765;7292456;9231054
498;0;0;1;Feminino;RS;32;2;6;622;10105795;16908938
499;0;1;1;Masculino;RS;40;1;5;806;14283864;8061393
500;0;1;1;Masculino;PR;26;2;8;757;12705904;12158156
501;1;1;0;Feminino;RS;58;1;8;570;11650392;0
502;0;1;1;Masculino;SC;32;2;4;555;5440579;0
503;0;1;1;Masculino;RS;54;2;5;692;8872184;0
504;1;0;1;Masculino;RS;60;1;5;774;7413548;8589155
505;0;1;1;Masculino;SC;44;2;9;638;11134622;7763735
506;0;0;0;Feminino;SC;41;1;4;543;19490216;0
507;0;0;1;Masculino;RS;31;2;5;584;3147427;0
508;0;0;1;Masculino;PR;30;1;7;691;2119839;11692789
509;0;0;1;Feminino;PR;40;1;6;684;1869766;13732665
510;0;1;1;Masculino;RS;22;2;5;733;11720219;0
511;0;1;1;Feminino;SC;37;2;2;599;14373929;0
512;0;1;1;Feminino;PR;31;2;10;524;16181123;6723898
513;0;0;1;Feminino;PR;38;2;6;632;9809091;8656976
514;0;0;0;Masculino;SC;34;2;5;735;7109541;0
515;0;1;1;Masculino;RS;34;1;6;734;1310724;1335984
516;1;1;1;Feminino;RS;51;1;3;605;6711059;13618878
517;0;0;1;Masculino;SC;38;2;9;793;8822502;0
518;1;1;0;Feminino;RS;56;3;10;468;6225687;0
519;0;0;1;Masculino;PR;37;2;7;779;13592572;12009252
520;1;1;0;Masculino;RS;48;2;4;698;17781587;10123824
521;0;1;0;Masculino;RS;58;1;6;707;12647113;8968592
522;1;0;1;Feminino;RS;35;1;1;850;18857412;21177431
523;0;1;1;Masculino;RS;56;1;7;850;11917545;13131748
524;0;1;1;Masculino;SC;37;2;5;527;13909373;9372273
525;0;1;1;Masculino;PR;32;1;8;696;11591655;10116099
526;0;0;0;Masculino;RS;48;1;3;661;9646325;12032054
527;0;1;1;Feminino;RS;31;2;2;776;11234951;0
528;0;1;1;Masculino;RS;43;2;2;701;16530379;0
529;0;0;1;Masculino;RS;26;2;8;610;16603108;0
530;1;0;1;Feminino;PR;48;1;3;572;3841179;15282799
531;0;1;1;Masculino;RS;30;1;1;673;7778335;6409775
532;0;1;1;Feminino;SC;57;2;2;519;2987179;11903535
533;0;1;0;Feminino;SC;26;1;4;702;5974763;13521957
534;0;1;1;Masculino;RS;32;1;6;729;7991913;9369442
535;0;0;1;Masculino;SC;35;1;10;543;7677353;5940863
536;0;0;1;Feminino;RS;40;1;7;550;5401893;11435495
537;1;0;1;Masculino;RS;59;1;1;608;7064964;0
538;0;0;1;Masculino;PR;35;2;10;639;5909339;1281739
539;0;0;1;Masculino;SC;34;2;9;686;1275698;0
540;1;1;0;Feminino;PR;62;3;5;564;1826098;11493135
541;1;0;1;Feminino;PR;28;1;1;745;7327596;11107136
542;0;1;1;Masculino;RS;37;2;8;833;13612949;15122618
543;0;1;1;Masculino;RS;26;2;9;622;15323759;0
544;0;1;1;Feminino;RS;42;1;4;597;10684112;6474012
545;1;0;1;Masculino;SC;51;1;0;721;10907835;16931213
546;1;1;0;Feminino;RS;49;3;7;504;8782214;0
547;0;0;1;Feminino;SC;44;2;2;842;12664498;11265208
548;0;0;1;Masculino;RS;38;2;0;587;4741415;0
549;0;0;1;Feminino;PR;30;2;7;479;4187999;14396436
550;0;1;1;Masculino;RS;49;2;7;508;758081;12245146
551;0;1;1;Masculino;RS;24;3;1;749;4791103;0
552;0;0;1;Feminino;PR;36;2;3;721;70518;6525307
553;1;1;1;Masculino;PR;47;1;6;674;20792;10690194
554;0;0;1;Feminino;SC;25;1;10;685;12156233;12850963
555;0;0;1;Masculino;RS;34;2;7;417;5500379;0
556;0;0;1;Masculino;PR;33;1;3;574;19313142;12983467
557;1;1;0;Feminino;SC;51;3;3;590;19193227;15496299
558;0;0;1;Masculino;PR;40;2;5;587;1594181;1382419
559;1;0;1;Masculino;PR;41;1;3;598;19146878;9153693
560;0;1;1;Masculino;SC;53;2;3;741;3891368;0
561;0;1;1;Feminino;SC;70;1;5;850;70518;0
562;0;1;0;Feminino;PR;29;1;7;584;13849003;10520401
563;0;1;0;Masculino;SC;61;1;1;650;8297069;15296873
564;0;1;1;Masculino;SC;36;1;8;607;7674472;15826168
565;1;0;1;Feminino;RS;46;1;1;509;7124459;0
566;0;1;1;Feminino;SC;38;1;6;689;1218215;12102105
567;0;1;1;Masculino;RS;36;2;4;543;1412105;0
568;1;0;0;Feminino;SC;54;1;2;438;19176307;0
569;0;1;1;Feminino;SC;63;1;1;687;3793874;13771566
570;0;1;1;Masculino;PR;31;2;5;737;7489058;12119222
571;0;1;1;Masculino;RS;31;3;7;761;16669818;0
572;0;1;1;Masculino;RS;44;2;1;601;6267853;10048618
573;1;0;1;Masculino;RS;45;1;1;651;6774008;0
574;0;0;1;Masculino;RS;35;2;9;745;16151977;9256653
575;1;1;1;Feminino;SC;49;2;10;648;15983578;0
576;0;1;1;Masculino;SC;40;1;3;848;3087684;11092996
577;0;1;1;Feminino;RS;27;2;8;546;148581;0
578;0;0;1;Feminino;SC;32;1;3;439;7568597;13890161
579;0;1;0;Masculino;RS;30;2;4;755;1441831;12321766
580;0;0;1;Feminino;RS;41;1;6;593;6517066;0
581;0;1;1;Masculino;RS;39;2;2;701;8252692;0
582;0;0;1;Masculino;SC;36;2;8;701;16916146;0
583;1;1;0;Feminino;SC;33;2;2;607;10929139;10843187
584;0;1;0;Feminino;SC;57;2;3;586;605781;0
585;0;0;1;Feminino;PR;30;1;9;547;7707714;7239241
586;1;0;0;Feminino;PR;51;2;1;647;5495451;11974177
587;1;0;0;Feminino;RS;51;1;2;760;1796148;10094671
588;1;0;1;Masculino;SC;53;1;9;621;3558807;17049184
589;0;1;1;Masculino;RS;44;1;5;725;11735614;0
590;0;0;1;Masculino;RS;36;1;1;526;16069672;0
591;1;0;0;Feminino;SC;47;2;6;519;14727843;15729602
592;1;1;1;Feminino;PR;38;1;7;713;5659436;14460622
593;0;0;1;Masculino;RS;38;1;8;700;129975;1348113
594;0;1;1;Feminino;RS;34;1;9;666;2509503;11589712
595;0;0;0;Masculino;SC;32;1;4;630;14632645;82034
596;0;1;0;Feminino;SC;26;2;4;779;3829621;17431813
597;0;0;1;Feminino;PR;41;1;2;611;1640616;11420684
598;0;0;1;Masculino;SC;43;2;9;685;10781128;0
599;0;1;1;Masculino;PR;39;1;9;646;3083851;11157441
600;1;0;0;Feminino;PR;57;1;5;683;922178;16244869
601;0;1;0;Feminino;PR;34;1;4;484;3373827;14824954
602;1;1;0;Feminino;RS;43;3;8;601;11091615;0
603;0;1;1;Feminino;SC;26;2;7;762;16965457;12370946
604;0;1;0;Feminino;RS;72;1;9;687;698294;0
605;1;0;1;Masculino;RS;30;1;5;566;5492651;0
606;0;1;1;Masculino;RS;37;1;10;702;9472849;1505258
607;0;1;1;Masculino;RS;29;1;9;601;8039327;0
608;0;1;0;Masculino;RS;53;2;4;699;11130798;0
609;0;0;1;Masculino;RS;28;2;10;584;1983432;0
610;0;1;1;Masculino;RS;35;2;5;699;7839724;0
611;0;0;1;Feminino;PR;51;1;2;698;8641028;11101898
612;0;0;0;Masculino;RS;30;1;10;495;17274965;12975599
613;0;0;1;Feminino;RS;27;2;6;650;100239;0
614;0;1;1;Feminino;RS;64;1;2;605;1360179;1295557
615;0;1;1;Masculino;SC;38;1;1;667;7786691;8720238
616;0;1;1;Masculino;PR;26;1;8;688;17529676;14613339
617;1;0;1;Feminino;SC;31;1;0;727;12175104;0
618;0;0;1;Masculino;SC;39;2;6;754;8959326;17018499
619;1;0;1;Feminino;PR;62;1;8;612;19343789;14074533
620;0;1;1;Masculino;SC;42;1;7;546;86945;13907051
621;0;1;1;Feminino;SC;37;2;8;673;18331879;0
622;0;0;1;Masculino;RS;35;1;9;593;711541;11419324
623;0;1;0;Feminino;SC;40;1;10;656;15188716;1678785
624;0;1;1;Feminino;PR;53;2;5;535;7588865;14161655
625;0;1;0;Masculino;PR;36;2;3;678;8956674;14574767
626;0;1;0;Feminino;SC;48;1;2;477;2647579;12912064
627;0;0;0;Masculino;SC;35;1;7;850;1263558;11034982
628;0;1;1;Masculino;RS;29;1;1;427;938393;14132556
629;0;0;1;Masculino;RS;49;1;2;752;76986;7865384
630;0;1;1;Masculino;RS;47;2;1;649;14559385;0
631;0;0;1;Feminino;SC;28;1;3;799;4504256;14225365
632;1;0;1;Feminino;RS;61;1;1;589;6110856;0
633;1;0;1;Feminino;PR;54;1;6;583;5755398;11598886
634;0;0;1;Feminino;SC;33;1;10;839;6267442;7559243
635;0;1;1;Masculino;PR;44;2;3;540;1212079;16411304
636;1;0;0;Masculino;RS;31;2;6;850;5012987;6799623
637;0;0;1;Feminino;SC;51;2;5;696;5502243;0
638;0;0;0;Feminino;SC;33;2;1;660;11783491;0
639;0;1;0;Masculino;RS;48;1;1;682;16884023;13877815
640;0;1;0;Feminino;RS;43;1;10;744;2423411;14783215
641;0;0;0;Feminino;RS;36;1;4;785;19062701;1354384
642;1;0;1;Masculino;SC;48;1;5;752;15661838;11606008
643;0;0;1;Feminino;RS;29;1;5;706;4233438;11256462
644;0;1;1;Feminino;RS;27;1;1;583;11078442;12540658
645;1;0;1;Feminino;PR;39;1;5;660;173683;13513499
646;1;0;1;Feminino;RS;39;1;9;819;2704646;13310292
647;1;0;1;Feminino;RS;34;1;8;673;2059859;4215708
648;0;1;1;Feminino;RS;30;2;3;752;10499128;0
649;0;0;1;Masculino;RS;38;1;7;578;899697;8225929
650;0;0;1;Feminino;RS;36;2;4;438;644205;0
651;0;1;1;Masculino;RS;38;2;6;652;14570022;0
652;0;1;1;Feminino;RS;49;2;4;629;19633548;0
653;0;1;1;Masculino;RS;52;1;7;720;1478112;0
654;0;0;1;Masculino;RS;42;1;3;668;10813923;15046107
655;1;1;1;Masculino;PR;48;1;4;459;1928706;13399452
656;0;1;1;Masculino;SC;31;2;8;729;956739;16487081
657;0;1;1;Masculino;PR;25;1;8;498;13221049;12170273
658;0;1;0;Masculino;SC;25;1;6;549;2160011;1938582
659;0;1;1;Feminino;PR;54;2;1;601;1996615;13103997
660;0;1;1;Masculino;RS;64;1;9;544;12434149;11382945
661;0;0;1;Feminino;RS;30;2;6;751;157661;0
662;0;1;1;Feminino;PR;41;1;3;632;3364221;8187738
663;0;1;1;Masculino;SC;57;1;8;694;11770465;11632607
664;0;1;1;Masculino;RS;31;2;2;678;5880328;0
665;0;1;1;Masculino;RS;46;2;4;695;13753722;0
666;0;1;0;Feminino;RS;41;2;1;661;13130068;0
667;0;1;1;Masculino;RS;33;2;9;661;8417481;0
668;0;1;0;Feminino;RS;31;1;3;559;16094178;12707073
669;0;1;1;Masculino;RS;29;2;3;503;14395499;0
670;0;1;1;Masculino;SC;46;1;3;695;5629785;12254964
671;0;1;1;Feminino;RS;42;1;5;640;840473;17609913
672;0;0;0;Feminino;PR;48;2;3;624;3002009;12238838
673;0;1;0;Masculino;RS;42;2;9;667;5813742;0
674;0;0;0;Masculino;RS;26;1;0;642;4747268;0
675;0;1;1;Feminino;SC;32;2;6;640;1913171;11887935
676;0;1;1;Masculino;SC;35;2;5;529;1872885;0
677;0;1;1;Feminino;RS;39;2;5;563;1760381;0
678;0;0;1;Feminino;SC;38;2;4;593;6702003;8873644
679;1;1;0;Masculino;PR;45;1;7;739;14780294;10270362
680;0;1;1;Feminino;SC;70;2;1;788;4161062;0
681;0;0;1;Feminino;SC;38;2;3;684;4425565;0
682;0;1;0;Masculino;RS;55;1;5;482;7841614;9731825
683;0;1;0;Masculino;SC;58;1;5;591;13725455;12846869
684;0;1;0;Feminino;PR;41;1;4;651;15130348;13343259
685;0;0;0;Feminino;PR;40;2;8;749;8633363;14178257
686;0;0;0;Masculino;RS;24;1;9;583;898019;13512528
687;1;0;0;Masculino;SC;42;1;2;661;2935857;17882091
688;0;1;1;Feminino;RS;31;2;2;715;18160072;11221214
689;1;0;1;Feminino;PR;45;1;5;769;12411871;12667481
690;1;0;1;Feminino;RS;51;1;7;625;3886746;13629497
691;0;0;1;Feminino;RS;36;1;5;641;3110667;6639264
692;0;0;1;Masculino;PR;27;2;1;716;6761136;12255234
693;0;0;1;Masculino;RS;43;2;1;767;7783763;7640885
694;0;0;0;Masculino;PR;36;1;8;745;607846;14507124
695;0;1;1;Masculino;RS;34;2;6;589;17789692;0
696;0;1;1;Feminino;RS;45;1;2;796;12388273;10973022
697;0;1;1;Masculino;RS;57;2;6;664;1530408;0
698;1;1;1;Masculino;SC;62;1;1;445;7656964;6411938
699;1;1;1;Feminino;PR;57;2;1;543;12065732;10613833
700;0;1;1;Masculino;SC;36;2;2;746;1643656;0
701;0;1;1;Masculino;PR;33;1;0;742;10766791;18165651
702;0;0;1;Feminino;RS;32;2;5;750;9561147;0
703;0;0;0;Masculino;RS;30;1;7;669;1979926;9512886
704;0;1;0;Feminino;SC;49;2;2;594;12321474;12661594
705;0;1;0;Masculino;SC;36;2;1;574;7170912;0
706;0;1;1;Masculino;PR;36;2;2;659;14906614;7619048
707;1;0;1;Masculino;PR;40;3;5;750;2045199;16828681
708;0;1;1;Masculino;PR;35;1;4;626;328255;8810981
709;0;0;1;Masculino;RS;42;2;4;620;623231;0
710;0;1;0;Feminino;RS;35;2;8;580;1035703;0
711;0;0;1;Feminino;RS;34;2;3;686;14779463;12397151
712;0;0;0;Masculino;RS;48;1;0;540;11697348;14811648
713;0;0;1;Masculino;PR;35;1;6;634;12996494;11626901
714;0;0;1;Masculino;SC;38;1;1;632;9281686;12059921
715;0;0;1;Feminino;RS;41;1;3;501;17211467;1442605
716;1;0;1;Feminino;SC;25;3;3;650;1664931;866055
717;0;0;1;Masculino;RS;34;2;9;786;14451719;0
718;0;0;0;Feminino;PR;37;1;4;554;1820386;5862997
719;0;0;0;Feminino;SC;42;2;5;701;2421056;0
720;0;0;0;Masculino;RS;45;2;10;474;1721759;0
721;0;1;1;Feminino;RS;43;1;5;621;4757845;0
722;1;1;1;Feminino;SC;56;2;2;672;15069442;20976731
723;1;1;1;Feminino;SC;42;2;6;459;17768302;12963425
724;0;0;0;Masculino;RS;23;2;1;669;6608883;0
725;0;0;1;Feminino;RS;38;1;2;776;1692917;16982446
726;0;1;1;Masculino;RS;36;1;3;694;11714041;9753025
727;0;1;1;Feminino;RS;42;2;10;787;7951037;14598865
728;0;1;0;Masculino;RS;37;2;9;580;7710866;0
729;0;1;1;Feminino;RS;25;3;7;711;967928;0
730;0;0;1;Feminino;RS;40;1;5;673;8175392;13749428
731;1;0;0;Feminino;RS;57;1;1;499;13137238;0
732;0;1;1;Masculino;RS;24;1;6;591;2531082;147360
733;0;0;0;Feminino;RS;25;2;10;769;18792575;0
734;0;0;0;Masculino;SC;31;1;3;657;9882039;12516702
735;1;0;1;Masculino;PR;43;2;9;738;641667;12115205
736;1;1;0;Feminino;PR;60;1;7;545;17692421;12898107
737;0;1;1;Masculino;RS;47;1;6;497;9005508;0
738;0;1;1;Masculino;SC;67;1;6;816;7281431;15185898
739;0;1;0;Masculino;RS;36;1;2;525;16829006;1146284
740;0;0;1;Masculino;RS;46;2;6;725;16176738;0
741;0;0;1;Feminino;RS;28;2;8;692;4442018;9505902
742;0;1;0;Feminino;RS;24;1;7;618;3714761;12873639
743;0;1;1;Masculino;RS;24;1;8;546;12538102;15632538
744;0;1;1;Masculino;RS;29;1;7;635;14985389;10540597
745;1;0;0;Feminino;RS;49;3;2;611;16143502;8891537
746;0;1;1;Masculino;RS;60;2;8;650;10292576;0
747;0;1;1;Masculino;RS;40;2;5;606;7089927;0
748;0;0;0;Masculino;RS;18;1;2;844;14593628;16098003
749;0;0;1;Feminino;SC;46;1;5;450;5422706;17761971
750;0;1;1;Masculino;SC;38;1;2;727;5928079;6227699
751;0;1;1;Masculino;PR;46;2;4;460;1269525;12755997
752;0;1;0;Masculino;RS;41;2;0;649;13056702;0
753;0;0;1;Feminino;PR;47;1;9;758;7329448;9552316
754;0;1;1;Feminino;RS;35;1;7;490;393737;10774903
755;0;0;1;Masculino;PR;37;2;2;815;238359;11077726
756;0;0;1;Feminino;SC;39;2;5;838;1427944;16673392
757;0;0;1;Masculino;RS;31;2;9;803;14130053;15712086
758;0;0;1;Feminino;PR;36;2;2;664;7814075;12716078
759;0;1;1;Feminino;SC;28;2;2;736;1174311;0
760;0;0;1;Feminino;RS;37;1;9;633;7200861;15609197
761;0;1;1;Masculino;RS;58;1;5;664;6088758;9866818
762;0;0;1;Feminino;RS;43;1;5;600;19476483;13402206
763;1;0;1;Feminino;RS;35;1;5;693;8870514;12415109
764;1;0;0;Feminino;PR;36;1;6;663;3581797;772535
765;0;0;1;Feminino;PR;21;1;1;742;315204;11429248
766;1;1;1;Masculino;PR;43;3;2;710;15790819;14008032
767;0;0;1;Feminino;SC;27;1;2;710;14220015;13527796
768;0;1;0;Feminino;RS;82;2;2;700;18205536;0
769;1;0;0;Masculino;PR;60;2;9;720;15755208;11592062
770;0;0;0;Masculino;SC;41;2;2;684;12028467;11978272
771;1;1;0;Feminino;RS;63;1;1;531;2450695;11471571
772;1;0;0;Feminino;PR;36;2;2;742;4727161;12974854
773;0;0;0;Masculino;RS;31;1;4;717;411766;12972257
774;0;1;0;Masculino;RS;32;2;2;589;946864;0
775;0;0;0;Masculino;RS;36;1;3;767;12388019;1391802
776;1;0;1;Masculino;PR;49;2;6;636;15888709;11359974
777;0;1;1;Masculino;RS;33;1;7;648;11703638;134944
778;1;0;1;Feminino;PR;58;1;7;622;12041561;11692225
779;1;0;0;Masculino;SC;28;1;9;692;1606425;11894509
780;0;1;1;Masculino;RS;28;2;8;754;5261562;0
781;0;0;0;Feminino;SC;35;1;8;679;12121009;11918273
782;0;0;1;Masculino;RS;27;2;8;639;19224735;0
783;0;1;0;Feminino;RS;28;2;1;774;6875957;7126402
784;0;1;0;Masculino;RS;41;2;2;517;7593747;0
785;0;0;0;Feminino;RS;35;2;8;571;8456913;0
786;1;1;1;Masculino;PR;58;1;7;747;19069635;11631357
787;0;1;0;Masculino;SC;36;1;5;792;6746867;9214015
788;0;1;1;Masculino;RS;26;2;1;688;10443594;0
789;0;1;0;Masculino;PR;42;1;2;714;4716655;17764009
790;0;0;1;Feminino;SC;35;2;0;562;11989952;0
791;0;1;1;Masculino;SC;48;1;8;704;17349845;1679976
792;0;1;1;Masculino;RS;36;2;2;698;9324926;8227535
793;0;1;1;Masculino;RS;49;2;3;611;14291754;0
794;0;0;1;Feminino;PR;48;1;6;850;1117558;11196299
795;0;1;1;Feminino;PR;34;1;1;743;10854321;13173688
796;0;0;1;Masculino;RS;29;1;1;654;18034544;0
797;0;0;0;Masculino;PR;36;2;8;761;9944402;10823911
798;0;1;0;Feminino;RS;46;1;9;702;10956328;9844419
799;0;0;1;Masculino;PR;32;1;3;488;9256807;11454038
800;0;1;1;Feminino;RS;35;2;6;683;3797636;18753066
801;0;1;0;Feminino;PR;42;1;9;601;10331574;13363616
802;0;1;1;Masculino;RS;52;2;7;605;1739525;0
803;0;1;0;Feminino;PR;44;2;0;671;3467398;8474503
804;0;1;1;Feminino;PR;31;2;7;614;4616344;12059938
805;0;1;0;Feminino;SC;29;2;9;511;14067698;0
806;0;1;0;Masculino;RS;39;2;4;850;15173854;12777135
807;1;0;0;Feminino;SC;46;1;9;790;1467981;0
808;0;0;0;Feminino;RS;33;1;0;793;17554402;0
809;0;1;1;Masculino;RS;69;2;5;628;1819646;0
810;0;1;1;Masculino;PR;53;1;10;598;13688686;16777296
811;0;0;1;Feminino;RS;37;1;6;657;12221823;958456
812;0;0;1;Feminino;RS;35;2;10;618;18043975;0
813;0;1;0;Masculino;SC;65;2;7;681;19041981;1347147
814;0;1;1;Feminino;SC;33;2;3;516;5868559;0
815;1;1;1;Masculino;PR;28;3;8;421;8901738;12238422
816;0;0;0;Feminino;RS;26;2;2;700;5005142;0
817;0;0;1;Masculino;RS;25;2;5;745;14604145;15799315
818;0;0;1;Masculino;RS;29;2;8;696;19116609;0
819;1;0;0;Feminino;PR;42;1;2;580;10351608;12333136
820;0;1;1;Masculino;SC;27;1;9;497;16482504;7526316
821;0;0;1;Feminino;RS;43;2;6;720;17255777;13782403
822;0;0;1;Masculino;PR;36;2;4;659;8432094;13257892
823;0;0;0;Feminino;RS;36;1;5;841;12266298;15602131
824;0;0;1;Masculino;SC;34;1;8;642;720851;0
825;1;1;0;Feminino;SC;69;1;9;732;11093224;13745343
826;0;0;1;Masculino;SC;36;2;4;600;14363536;0
827;0;1;1;Masculino;PR;33;2;8;464;371034;16428472
828;0;1;1;Feminino;RS;47;2;5;680;17984333;0
829;0;1;1;Masculino;SC;56;2;1;758;1064338;0
830;0;1;1;Feminino;PR;31;2;2;630;13116798;11237349
831;0;0;1;Feminino;RS;39;2;10;577;1055331;0
832;0;1;1;Feminino;RS;34;2;6;684;13092822;0
833;0;1;0;Feminino;SC;41;1;5;708;15700399;0
834;0;1;1;Feminino;PR;29;1;1;732;13852756;15433382
835;0;1;1;Masculino;PR;37;2;3;634;16703249;11143277
836;0;0;0;Feminino;RS;30;2;6;633;4164229;0
837;0;0;1;Masculino;RS;34;2;2;559;9677;13739011
838;0;1;1;Feminino;SC;37;2;3;694;14701222;0
839;0;1;1;Feminino;PR;56;1;5;686;8055387;11164208
840;1;1;0;Feminino;SC;48;1;3;553;3073095;0
841;0;0;0;Masculino;RS;36;1;4;507;14013443;8354337
842;1;0;0;Masculino;PR;50;1;6;732;919361;14533876
843;0;0;0;Feminino;RS;31;1;1;818;17825263;18679637
844;0;1;0;Masculino;PR;35;1;8;660;19867408;5864143
845;1;0;1;Feminino;SC;41;1;5;773;282669;0
846;0;0;1;Masculino;RS;44;1;3;640;9238101;13714868
847;0;0;0;Masculino;RS;49;1;7;505;13518011;8000123
848;0;0;0;Masculino;PR;21;2;6;714;2733059;8640252
849;0;0;1;Feminino;RS;42;2;5;468;12530534;0
850;0;1;1;Masculino;SC;51;1;1;611;14964845;12287474
851;0;1;0;Masculino;RS;25;1;0;705;5988715;9754429
852;0;0;1;Masculino;PR;46;2;1;646;4504132;17082655
853;1;0;0;Feminino;PR;0;2;1;667;11331677;9713392
854;0;1;1;Feminino;PR;41;1;8;511;3908742;15389565
855;0;1;1;Feminino;RS;43;2;6;653;733059;0
856;0;1;0;Feminino;RS;57;2;8;675;9546329;0
857;0;0;1;Masculino;SC;32;2;4;523;16784802;0
858;1;0;1;Feminino;PR;49;1;5;567;9395384;13495602
859;0;1;0;Masculino;SC;39;2;7;741;17422766;14363758
860;0;1;1;Masculino;SC;32;1;9;456;13539921;14750625
861;1;0;1;Masculino;RS;64;2;1;598;1956353;0
862;1;0;1;Masculino;RS;43;1;8;667;9750804;19022746
863;1;0;1;Feminino;RS;32;1;2;548;18808377;17244877
864;0;1;1;Masculino;RS;41;1;7;725;11670425;11398021
865;0;1;0;Masculino;RS;53;2;6;717;9761487;0
866;0;0;0;Masculino;RS;38;2;4;594;18688404;0
867;0;1;0;Feminino;PR;25;2;10;678;13150172;7696812
868;0;1;1;Masculino;RS;38;2;1;545;2430295;8829313
869;1;0;1;Feminino;RS;37;1;1;636;11051028;17083346
870;1;0;1;Masculino;PR;44;2;6;603;10848833;10812239
871;0;1;1;Masculino;RS;36;1;4;435;1970152;0
872;0;1;1;Feminino;RS;40;1;8;535;2768977;0
873;1;0;1;Feminino;PR;45;3;7;629;921755;12981839
874;0;1;1;Feminino;RS;35;2;2;722;1506818;16394389
875;0;0;1;Masculino;RS;28;2;7;561;779701;0
876;0;1;0;Feminino;RS;38;2;5;645;440032;1014303
877;0;0;0;Feminino;RS;39;1;9;501;18202595;11730166
878;0;1;0;Feminino;PR;32;1;1;502;12276395;17334083
879;0;1;1;Feminino;SC;42;2;4;652;3815201;0
880;0;0;1;Feminino;RS;33;1;3;574;6316399;13434857
881;0;1;1;Feminino;RS;45;2;9;518;7341829;10552565
882;1;0;1;Feminino;RS;60;1;6;749;1797868;0
883;1;0;1;Feminino;RS;43;3;4;679;11513651;0
884;0;0;1;Masculino;RS;36;1;6;565;14957559;1061921
885;1;0;1;Feminino;RS;45;1;4;643;6091724;4514443
886;0;1;1;Masculino;RS;65;1;7;515;14254833;9211361
887;0;1;1;Masculino;RS;25;2;7;521;15787867;0
888;0;0;1;Masculino;SC;38;1;0;739;1279643;12836644
889;0;1;1;Masculino;RS;0;2;2;585;1865777;0
890;0;1;1;Masculino;PR;74;1;3;733;13458958;10654553
891;0;1;0;Feminino;RS;43;1;8;542;1035074;14561837
892;0;0;0;Masculino;SC;37;1;8;788;6601327;14154125
893;0;1;1;Masculino;PR;32;2;2;435;590711;5701706
894;0;0;1;Masculino;RS;42;1;9;577;7407791;0
895;1;1;1;Feminino;RS;51;3;3;703;7729456;0
896;1;0;1;Feminino;PR;35;2;8;728;5435902;12588495
897;0;1;1;Masculino;PR;32;1;5;728;15612493;618255
898;0;0;1;Masculino;RS;35;2;8;718;9482085;0
899;0;0;1;Feminino;RS;40;1;6;621;15515525;0
900;1;0;1;Feminino;RS;40;1;2;523;1287021;10296741
901;0;0;1;Masculino;PR;25;1;2;657;227455;17177055
902;1;0;1;Masculino;PR;40;2;1;727;7186531;9305164
903;0;1;0;Masculino;RS;36;2;7;643;8429482;16106464
904;0;1;1;Feminino;RS;48;1;7;645;14913913;9061234
905;0;0;1;Masculino;RS;28;2;5;568;18548911;14510564
906;1;0;0;Masculino;RS;58;1;4;599;17640715;0
907;1;1;1;Feminino;RS;45;1;9;672;9202769;0
908;0;1;1;Masculino;RS;33;1;6;685;4393254;17491272
909;1;0;1;Feminino;RS;46;1;1;516;11578925;10494772
910;0;1;1;Masculino;SC;31;1;10;685;12577728;13521371
911;0;0;1;Masculino;SC;25;2;7;806;184619;0
912;0;1;1;Masculino;RS;36;2;6;604;7963338;11622985
913;0;1;1;Feminino;SC;53;1;6;648;12154229;11120141
914;0;0;1;Feminino;SC;32;1;4;545;947392;0
915;0;0;1;Masculino;PR;27;1;1;756;9330229;131899
916;0;1;1;Masculino;RS;35;1;10;569;19379378;12452552
917;0;0;1;Masculino;RS;47;1;6;596;7483565;0
918;1;1;1;Masculino;RS;39;1;6;475;569999;0
919;0;1;1;Feminino;RS;45;1;3;646;5723644;4713475
920;0;0;0;Masculino;SC;35;2;3;784;8148364;0
921;0;0;1;Masculino;SC;45;2;9;552;2675256;0
922;0;1;0;Masculino;RS;44;2;5;729;920054;0
923;1;0;1;Masculino;SC;61;1;1;609;2244785;0
924;1;0;1;Masculino;RS;51;3;5;555;18912289;0
925;0;1;1;Feminino;PR;19;1;1;572;1616182;13865708
926;0;1;1;Feminino;RS;34;1;9;785;6860036;7030248
927;0;1;1;Feminino;PR;36;2;1;714;44773;10160901
928;0;1;1;Masculino;SC;35;1;3;738;1565073;0
929;0;1;1;Masculino;PR;38;1;5;639;14959962;13017082
930;0;1;1;Masculino;PR;61;2;8;520;9030401;13380229
931;0;0;0;Feminino;RS;24;1;7;764;11567638;10623402
932;0;0;0;Masculino;SC;0;1;6;661;3881267;13262898
933;0;1;1;Masculino;PR;0;2;9;564;3433821;10352275
934;0;0;1;Feminino;PR;42;2;8;708;82336;19239052
935;1;1;0;Masculino;SC;36;1;1;512;13548226;0
936;0;1;1;Masculino;SC;37;3;9;592;1065689;0
937;0;1;0;Feminino;RS;38;2;3;619;11646735;0
938;1;1;1;Masculino;RS;52;1;8;775;9682332;10992261
939;0;1;0;Feminino;PR;44;1;5;850;1710962;12860532
940;0;1;1;Feminino;RS;37;1;4;577;7988139;0
941;0;0;1;Feminino;RS;37;1;10;724;15786282;6859856
942;0;1;1;Masculino;SC;35;1;1;710;12795181;10651852
943;0;0;0;Feminino;RS;31;2;8;696;19107411;0
944;1;0;1;Feminino;RS;46;1;6;376;15733369;0
945;0;0;1;Feminino;PR;29;1;8;675;13345752;12132642
946;0;0;1;Masculino;RS;36;1;8;745;1307896;6722637
947;0;1;1;Feminino;SC;25;2;5;697;12837388;8293185
948;1;0;1;Feminino;SC;39;1;4;599;1942732;0
949;1;1;1;Feminino;RS;0;1;5;715;568417;11859041
950;0;1;1;Masculino;RS;67;1;4;659;1310432;14598187
951;1;0;0;Feminino;RS;48;1;3;684;2122834;7330938
952;0;1;1;Feminino;RS;48;2;8;635;432503;13079633
953;0;0;1;Masculino;PR;33;1;8;789;43894;15160756
954;0;1;0;Feminino;PR;66;1;9;571;1892719;11157701
955;0;1;1;Masculino;SC;39;1;0;694;1022842;10704274
956;1;1;0;Feminino;SC;42;2;2;665;15677494;15637161
957;0;0;0;Feminino;RS;44;1;4;706;6986549;12960599
958;0;1;0;Feminino;SC;43;2;0;807;8552324;0
959;0;1;1;Feminino;SC;67;2;8;771;512198;0
960;0;0;0;Masculino;SC;27;1;8;531;722292;13257625
961;0;1;1;Feminino;RS;37;1;6;629;2397133;1291013
962;0;1;1;Feminino;PR;31;1;1;850;13217331;1088224
963;0;0;1;Masculino;SC;35;1;4;685;11363964;13794851
964;0;1;1;Masculino;SC;32;1;7;642;3976859;1004338
965;1;0;1;Masculino;SC;63;3;4;529;10873296;9613411
966;1;1;1;Feminino;PR;43;1;4;683;11734919;11588804
967;0;1;1;Feminino;RS;42;1;5;663;780045;12462607
968;0;1;1;Feminino;RS;34;1;6;563;15241779;13981034
969;0;0;0;Feminino;SC;34;2;9;637;2605708;0
970;0;0;0;Masculino;RS;37;1;3;544;7997209;8449671
971;0;1;0;Masculino;PR;70;2;9;649;10712579;11685471
972;0;1;1;Feminino;RS;48;1;10;638;4767914;13833303
973;0;1;1;Masculino;RS;25;2;3;723;13450947;0
974;0;0;0;Masculino;PR;43;2;5;635;15326531;7899275
975;0;1;0;Masculino;SC;38;2;7;750;17988304;9725741
976;0;0;1;Masculino;RS;34;2;5;730;13888298;12245337
977;0;1;0;Feminino;SC;36;1;8;750;985581;11294007
978;1;0;1;Feminino;RS;43;1;8;586;6704683;13255826
979;0;0;1;Feminino;RS;38;2;4;520;5638863;0
980;0;0;1;Feminino;RS;48;1;8;652;7776437;13329724
981;0;0;1;Feminino;RS;46;2;7;550;13059035;0
982;0;0;0;Masculino;RS;27;1;0;594;15191249;1970418
983;0;0;0;Feminino;PR;44;2;0;749;1510838;7149779
984;0;1;1;Masculino;RS;32;2;7;668;77737;0
985;1;0;0;Feminino;PR;35;1;6;614;70518;12810028
986;0;1;0;Masculino;RS;37;2;1;773;1172357;12453278
987;0;1;1;Masculino;PR;31;2;9;551;9156525;8229382
988;0;0;1;Masculino;RS;36;1;1;566;7961637;14212091
989;1;0;1;Masculino;SC;34;1;0;569;10229981;15183926
990;0;1;1;Feminino;SC;31;2;7;659;10453351;14962088
991;1;0;1;Feminino;RS;49;1;3;722;14076557;16819766
992;0;0;1;Masculino;RS;37;2;5;655;6621413;93147
993;0;1;1;Feminino;RS;35;2;2;615;1398161;9744002
994;0;1;0;Feminino;PR;42;2;3;752;14013928;6504608
995;0;0;0;Feminino;SC;28;1;7;661;10229715;9535749
996;0;0;1;Masculino;SC;43;2;9;838;14576583;12310588
997;0;1;0;Masculino;SC;29;3;9;610;8391224;0
998;0;1;0;Masculino;SC;44;2;3;811;7843973;0
999;0;1;0;Masculino;SC;62;1;7;587;677692;12128627
1000;0;1;1;Feminino;PR;28;2;4;811;990342;16773882
